[
    {
        "bookId":1,
        "bookTitle":"Andriod for Expert",
        "bookAuthor":"George R.R",
        "bookYear":1996
    },
    {
        "bookId":2,
        "bookTitle":"Complete reference",
        "bookAuthor":"George P.R Martin",
        "bookYear":1998
    },
    {
        "bookId":3,
        "bookTitle":"BackBone JS",
        "bookAuthor":"Kalvin R.V",
        "bookYear":2000
    },
    {
        "bookId":4,
        "bookTitle":"Pointer in C",
        "bookAuthor":"Y P Kanitkar",
        "bookYear":2005
    },
    {
        "bookId":5,
        "bookTitle":"Big Data",
        "bookAuthor":"Pearson D A",
        "bookYear":2011
    },
    {
        "bookId":6,
        "bookTitle":"Big Data",
        "bookAuthor":"Pearson D A",
        "bookYear":2011
    },
    {
        "bookId":7,
        "bookTitle":"A Dream of Spring",
        "bookAuthor":"Pearson D A",
        "bookYear":2011
    },
    {
        "bookId":8,
        "bookTitle":"The Philospher's Stone",
        "bookAuthor":"Pearson D A",
        "bookYear":2011
    },
    {
        "bookId":9,
        "bookTitle":"The Chamber of Secrets",
        "bookAuthor":"Pearson D A",
        "bookYear":2011
    },
    {
        "bookId":10,
        "bookTitle":"The Prisoner of Azkaban",
        "bookAuthor":"Pearson D A",
        "bookYear":2011
    }


]